{
  "nodeLayouts": {
    "inputs": {
      "x": 12,
      "y": 62,
      "index": -1
    },
    "outputs": {
      "x": 96.9296875,
      "y": 427.5859375,
      "index": -1
    },
    "echo": {
      "x": 101.0625,
      "y": 154.5625,
      "index": -1
    },
    "joke": {
      "x": 84.265625,
      "y": 301.0078125,
      "index": -1
    },
    "feedback": {
      "x": 27.6171875,
      "y": 166.3984375,
      "index": 0
    },
    "llm_node_eo0t": {
      "x": 48.46484375,
      "y": 477.5859375,
      "index": -1
    }
  },
  "orientation": "Vertical"
}